commit_oid	unit	subsystem	language	generated	test	blob_oid	path	start_line	end_line	reviewer	status	finding_ids	verification
4110b4efb1d9a414ff152fe291b69ca222b05d86	32-pyrus-trade	pyrus-web	javascript	0	1	9c1602f9bc84e8460bea012b8e08a89d3958f466	artifacts/pyrus/src/features/trade/automationDeviationModel.test.mjs	1	45	codex/automation_deviation_review	reviewed_fixed	PT-TRADE-001	Absent from base 0b9fbc9; pnpm --filter @workspace/pyrus exec tsx --test src/features/trade/automationDeviationModel.test.mjs passed 1/1
db9ada9b734c5ef22f17b880a456a31d67ccb835	06-shared-domain-libs	backtest-core	typescript	0	1	42045672ba852850437f0710505c4c4a43110de1	lib/backtest-core/src/optimizer.test.ts	1	53	codex/optimizer_review; codex/unit02_walkforward_diff_review	reviewed_fixed	PT-OPT-001,PT-API-BACKTEST-SWEEP-001	Absent from base 0b9fbc9; bounded materialization and invalid walk-forward termination regressions pass with independent valid unsafe nonfinite and overflow assertions
48b5ed952ac7f64f83716fbd81f43274351eda57	31-pyrus-backtesting	pyrus-web	typescript	0	0	fb6a6124bf6b65963f56ef9b28c86ace2f7b36d0	artifacts/pyrus/src/features/backtesting/backtestPolling.ts	1	7	codex/backtest_performance_review	reviewed_fixed	PT-POLL-001	Absent from base 0b9fbc9; focused polling test and full Pyrus TypeScript check passed
48b5ed952ac7f64f83716fbd81f43274351eda57	31-pyrus-backtesting	pyrus-web	typescript	0	1	7367dd91a6df644b39519e36a1d3b2ccacb90a50	artifacts/pyrus/src/features/backtesting/backtestPolling.test.ts	1	21	codex/backtest_performance_review	reviewed_fixed	PT-POLL-001	Absent from base 0b9fbc9; focused polling test passed 1/1
477e7fdfdc57e78b6cd4552b7854a887dce38370	22-api-core-lib-ws	api-server	typescript	0	1	824962ff6201820c9c278999a331fed9f26f3a0d	artifacts/api-server/src/services/backtesting-preview.test.ts	1	27	codex/backtest_performance_review	reviewed_fixed	PT-PREVIEW-001	Absent from base 0b9fbc9; backtesting service tests passed 4/4
510e71ef7f1d3c50683be06d899fb3c47a04d752	14-api-services-c-f	api-server	typescript	0	1	e739be0d878edda663c09c8be9fdc9c882104fd2	artifacts/api-server/src/services/flow-universe-optionability-verifier.test.ts	1	31	codex/api_services_c_f_review	reviewed_fixed	PT-FLOW-002	Absent from base 0b9fbc9; captured fallback query limits changed from [5,505] to [5,20]
27ac47be06402ceb2aa69accdd74be43e3869cc1	38-pyrus-screen-research-market-backtest	pyrus-web	javascript	0	1	fd99a4f45818111f3511eb8b934239fa2b1e7a01	artifacts/pyrus/src/features/platform/marketScreenPromotion.test.mjs	1	26	codex/pyrus_screen_review	reviewed_fixed	PT-MARKET-LOAD-001	Absent from base 0b9fbc9; market preload and boot tests passed 14/14
b078e77fa19fe03ebbc08520de1827d527529507	38-pyrus-screen-research-market-backtest	pyrus-web	javascript	0	1	d33f8804e11eb3fd896f55bd0ebcf500cf3b4308	artifacts/pyrus/src/screens/MarketDemoScreen.hiddenWork.test.mjs	1	19	codex/pyrus_screen_review	reviewed_fixed	PT-MARKET-CLOCK-001	Absent from base 0b9fbc9; hidden-clock regression and Pyrus typecheck passed
3a11780e761f5b3f0d55c569373d14b2380df10b	39-pyrus-shell-components-lib	pyrus-web	javascript	0	1	7af16bb10a1f93c233f1424a99cbcac8d6f01b0e	artifacts/pyrus/src/app/crashDiagnostics.test.mjs	1	89	codex/pyrus_shell_review	reviewed_fixed	PT-CRASH-001,PT-CRASH-002,PT-CRASH-003	Absent from base 0b9fbc9; credential, U/DU/F account-ID, and upload redaction regressions passed 2/2; Pyrus typecheck passed
d042a9ee8efea9b34892c682e93ee02da5fdc8ee	39-pyrus-shell-components-lib	pyrus-web	javascript	0	1	1b51aafc778d2dca22542987f8d8a3d2e826537d	artifacts/pyrus/src/components/marketing/neural-core/NeuralCore.hiddenMorphWork.test.mjs	1	20	codex/pyrus_shell_review	reviewed_fixed	PT-NEURAL-002,PT-NEURAL-004	Absent from base 0b9fbc9; neural regressions passed 2/2
308dcfcbdbb539237dbf0bbeedb78f7a088b38a7	39-pyrus-shell-components-lib	pyrus-web	typescript	0	0	13e97f65271189c4a8ff2f9cb457fce74f18cec2	artifacts/pyrus/src/components/marketing/use-prefers-reduced-motion.ts	1	35	codex/pyrus_shell_review	reviewed_fixed	PT-NEURAL-008	Absent from base 0b9fbc9; extracted hook retained live callers while the unused 3D mark path was removed
15591c9291e513fb63386615294c9f13ea94744e	39-pyrus-shell-components-lib	pyrus-web	javascript	0	1	2afcfe6e805f9758533048358608d3428e742797	artifacts/pyrus/src/features/auth/LoginGate.visualPolicy.test.mjs	1	61	codex/pyrus_shell_review	reviewed_fixed	PT-NEURAL-007,PT-BRAND-001,PT-BRAND-002	Absent from base 0b9fbc9; auth visual-policy regression cluster passed 5/5 and full focused brand cluster passed 16/16
dca8831779b0efea08515d87b9e1026dfd4713a8	39-pyrus-shell-components-lib	pyrus-web	javascript	0	1	32dd58e4215b5ff38dc0224448335e171d502e30	artifacts/pyrus/src/components/platform/platformOverlays.test.mjs	1	28	codex/pyrus_shell_review	reviewed_fixed	PT-OVERLAY-001,PT-OVERLAY-002	Absent from base 0b9fbc9; overlay regression passed 2/2 and the browser harness exercised the runtime contracts at mobile and desktop sizes
99e3ccc1c3a11106ef0ea223d507e2661f14e974	39-pyrus-shell-components-lib	pyrus-web	javascript	0	1	4fe59cee48ffbf12356808c0e37e1fe4135a7f17	artifacts/pyrus/src/components/platform/ContainerLoadingStatus.test.mjs	1	16	codex/pyrus_shell_review	reviewed_fixed	PT-LOADING-001	Absent from base 0b9fbc9; malformed-route regression and valid masking matrix passed 1/1
92e1eadf4a000cb725c9f5265818c509dd572c29	39-pyrus-shell-components-lib	pyrus-web	javascript	0	1	c03b06597369bd4415497d4fa9e18e6239f1e7dc	artifacts/pyrus/src/components/platform/DenseVirtualTable.test.mjs	1	88	codex/pyrus_shell_review	reviewed_fixed	PT-DENSE-001	Absent from base 0b9fbc9; behavior regression reproduced stale same-count measurements before the fix and passed after it
20c7801362f6a8d69a4acd8c155c41159027ef8f	39-pyrus-shell-components-lib	pyrus-web	javascript	0	1	c7ccf5d7ddc5b75a7f6e38793ebf7cfbab5d7a6e	artifacts/pyrus/src/components/platform/signal-language/tooltips.test.mjs	1	17	codex/pyrus_shell_review	reviewed_fixed	PT-SIGNAL-DATA-001	Absent from base 0b9fbc9; missing freshness spread and score metrics stay unavailable
2eaf6d37193c916575e7f2970da1a26d6a6b7c0e	39-pyrus-shell-components-lib	pyrus-web	javascript	0	1	2f8e8aabfd025fd148b47dd0b17cd276f36d592d	artifacts/pyrus/src/components/platform/InteractiveColumnHeader.test.mjs	1	50	codex/pyrus_shell_review	reviewed_fixed	PT-HEADER-001	Absent from base 0b9fbc9; activator wiring and outer columnheader ARIA regression passed 1/1
57c7263d3a83b0fd7d38f1fa7363f243950db584	39-pyrus-shell-components-lib	pyrus-web	javascript	0	1	5ed11f650ac104ca806c158ab0626c6c502d77f4	artifacts/pyrus/src/components/ui/Button.test.mjs	1	60	codex/pyrus_unit39_review	reviewed_fixed	PT-BUTTON-STYLE-001,PT-BUTTON-MOTION-001,PT-BUTTON-PROPS-001	Absent from base 0b9fbc9; Button regressions and final 62-test Unit 39 suite passed
539dc3c04f765f08c3183b28aa8e641613f2f28f	39-pyrus-shell-components-lib	pyrus-web	javascript	0	1	e94f19df8bd3aee360f72c8bdee5633ec276bf13	artifacts/pyrus/src/components/ui/tooltip.test.mjs	1	59	codex/pyrus_unit39_review	reviewed_fixed	PT-TOOLTIP-DISABLED-001	Absent from base 0b9fbc9; direct, wrapped, and responsive disabled-tooltip regressions passed
72282ea7fb9b6a821495e44642c5aa95744a6c40	39-pyrus-shell-components-lib	pyrus-web	javascript	0	1	5d6d689bc4280009ca2d2a1bc0eb6008653c57d5	artifacts/pyrus/src/lib/formatters.test.mjs	1	9	codex/pyrus_unit39_review	reviewed_fixed	PT-FMT-001	Absent from base 0b9fbc9; signed-magnitude formatter regression passed
bdce2c40064e2fdf8d9880370e4298fabe6327b9	39-pyrus-shell-components-lib	pyrus-web	javascript	0	1	75110372aaab32d330c40cbe244de238e9739d53	artifacts/pyrus/src/components/ui/SectionHeader.test.mjs	1	22	codex/pyrus_unit39_review	reviewed_fixed	PT-HEADING-001	Absent from base 0b9fbc9; heading regression passed
38d9867cdc72395e5bd0a9621642814fbb782c90	39-pyrus-shell-components-lib	pyrus-web	javascript	0	1	375774498b16e7255a92e98d80d983dee4b3f9a5	artifacts/pyrus/src/lib/motion.test.mjs	1	94	codex/pyrus_unit39_review	reviewed_fixed	PT-MOTION-001	Absent from base 0b9fbc9; real Suspense abandoned-render regression passed
539dc3c04f765f08c3183b28aa8e641613f2f28f	39-pyrus-shell-components-lib	pyrus-web	javascript	0	1	02ed53fe39eb7644a37008d9182d5ca0eaa44f36	artifacts/pyrus/src/components/platform/primitives.a11y.test.mjs	1	87	codex/pyrus_unit39_review	reviewed_fixed	PT-PRIMITIVE-A11Y-001	Absent from base 0b9fbc9; shared primitive accessibility regressions passed
aded187957bb4a664c2da0c3588040271f7253ac	39-pyrus-shell-components-lib	pyrus-web	javascript	0	1	7a9c69d064119eeda1f1383ffe2051f6dba0ccb3	artifacts/pyrus/src/screens/settings/TaxSettingsPanel.a11y.test.mjs	1	11	codex/pyrus_unit39_review	reviewed_fixed	PT-PRIMITIVE-A11Y-001	Absent from base 0b9fbc9; static tax-status semantic regression passed
539dc3c04f765f08c3183b28aa8e641613f2f28f	39-pyrus-shell-components-lib	pyrus-web	javascript	0	1	6940da6b2047c180584079979fa0d2245732ece2	artifacts/pyrus/src/components/platform/FailurePointTooltip.test.mjs	1	143	codex/pyrus_unit39_review	reviewed_fixed	PT-FAILURE-FOCUS-001,PT-SIGNALS-ROW-A11Y-001	Absent from base 0b9fbc9; owner composition and nested-row contracts passed; isolated Chromium focus probe passed
539dc3c04f765f08c3183b28aa8e641613f2f28f	39-pyrus-shell-components-lib	pyrus-web	javascript	0	1	16f29032c28dd477e3348e255c3de6034ab41f88	artifacts/pyrus/src/lib/motionPreferences.test.mjs	1	54	codex/pyrus_unit39_review	reviewed_fixed	PT-MOTION-PREFERENCE-001	Absent from base 0b9fbc9; component-scoped OS and app reduced-motion regressions passed
539dc3c04f765f08c3183b28aa8e641613f2f28f	39-pyrus-shell-components-lib	pyrus-web	javascript	0	1	e433303d1e63ffcc5e1489d3d0a0cb1c33b0dc94	artifacts/pyrus/src/components/ui/uiSurface.test.mjs	1	51	codex/pyrus_unit39_review	reviewed_fixed	PT-UI-DEAD-001,PT-UI-NOOP-MOTION-001	Absent from base 0b9fbc9; dead UI surface, dependency, and unsupported-motion regressions passed
10937ad35da486c8d87dd7761610098a0c273790	39-pyrus-shell-components-lib	pyrus-web	javascript	0	1	0c4e98b65315ee2a2b6a33b74c609ef488cd8f68	artifacts/pyrus/src/indexCss.test.mjs	1	44	codex/pyrus_unit39_review	reviewed_fixed	PT-CSS-SURFACE-001	Absent from base 0b9fbc9; duplicate-selector and unused-token census passed
539dc3c04f765f08c3183b28aa8e641613f2f28f	33-pyrus-market-signal-flow-gex	pyrus-web	javascript	0	1	00977c266e2419c7202da5e6c0ae5c2a361e1b98	artifacts/pyrus/src/features/market/MarketUniverseTable.a11y.test.mjs	1	19	codex/pyrus_unit39_review	reviewed_fixed	PT-SCORE-A11Y-001	Absent from base 0b9fbc9; options-premium total regression passed
c6347f6cca4f93364dde229f4508f2a5cc5b5749	00-repo-agent-config	agent-tooling	javascript	0	1	d621dc0464542a42377e245c2ccf88c7969d09f0	.agents/agent-chat-server.test.mjs	1	275	codex/unit00_agent_chat_review	reviewed_fixed	PT-AGENT-CHAT-001,PT-AGENT-CHAT-002,PT-AGENT-CHAT-003,PT-AGENT-CHAT-004,PT-AGENT-CHAT-005	Absent from base 0b9fbc9; focused integration passed 1/1; syntax and diff checks passed; adversarial boundary replay passed
e4669be3bc8e80cf2270f092e0dbd8602ca59a21	25-pyrus-charting	pyrus-web	javascript	0	1	275ad70fc57cfc3520456ef8e79d06d1305fd930	artifacts/pyrus/src/features/charting/pyrusSignalsPineParity.contract.test.mjs	1	244	codex/unit00_pine_review	reviewed_fixed	PT-PINE-001,PT-PINE-002,PT-PINE-003,PT-PINE-004	Absent from base 0b9fbc9; Pine/adapter contract suite recorded 5/5 and locks byte-identical built-in sources plus corrected signal display input and higher-timeframe contracts
0fb5d2efb868d130b1cb402fcb8260574dad977d	01-ops-scripts	ops-scripts	javascript	0	1	74bee3733291e7348c50054c485b79ce68c37a9d	scripts/check-env-example.test.mjs	1	20	codex/unit00_config_review	reviewed_fixed	PT-REPO-CONFIG-005	Absent from base 0b9fbc9; indirect env bracket descriptor DB helper and readImportMetaEnv reference regression passed 1/1
3697556a958d5b442dd9844cf4886e0bb88e1955	01-ops-scripts	ops-scripts	javascript	0	1	f9a704ebdd2460e8fea1b9944076631065895245	scripts/agent-chat.test.mjs	1	41	codex/unit01_ops_review	reviewed_fixed	PT-AGENT-CHAT-006	Absent from base 0b9fbc9; option fail-closed and terminal record/control containment regressions passed 2/2
f86f89d5b924293d25445cd2e89309c971b056d5	01-ops-scripts	ops-scripts	javascript	0	1	da80967de6f48d30d844a58ef7454c470f66cf6c	scripts/check-api-codegen-drift.test.mjs	1	28	codex/unit01_ops_review	reviewed_fixed	PT-API-CODEGEN-001	Absent from base 0b9fbc9; generated Zod index hash regression passed 1/1
55147b65bb1228c4499ab51e524aa55ca1349891	01-ops-scripts	ops-scripts	javascript	0	1	d8d48acbcc934d0137f9af124d33d6ae5fb80ee9	scripts/check-canonical-signal-env.test.mjs	1	32	codex/unit01_ops_review	reviewed_fixed	PT-CANONICAL-ENV-001	Absent from base 0b9fbc9; line-comment and block-comment false-green regressions passed 1/1
df4f80b6ea688ee999fae00fa2c18721332f41f6	01-ops-scripts	ops-scripts	javascript	0	1	69a349e80a24ee2659acce8910110595b0de6e1c	scripts/check-legacy-branding.test.mjs	1	11	codex/unit01_ops_review	reviewed_fixed	PT-BRANDING-GUARD-001	Absent from base 0b9fbc9; repository-root coordination-artifact exemption regression passed 1/1
4d605b733fdb528affd12da175afefce3e6f9797	01-ops-scripts	ops-scripts	javascript	0	1	0b100b1a4dea4525b6cd7623f8ea0dd476126895	scripts/check-markdown-paths.test.mjs	1	11	codex/unit01_ops_review	reviewed_fixed	PT-MARKDOWN-GUARD-001	Absent from base 0b9fbc9; repository-owned Claude skill path normalization regression passed 1/1
c69b765616cf960b094858c97434817fd42c86b9	01-ops-scripts	ops-scripts	javascript	0	1	ac9a9a25b5ac815fe436a4e720512592832facbc	scripts/replit-config-clobber.test.mjs	1	56	codex/unit01_restore_config_review	reviewed_fixed	PT-REPLIT-GUARD-001,PT-REPLIT-CONFIG-RESTORE-002	Absent from base 0b9fbc9; wrong-table detection and non-ENOENT read-error propagation pass within focused restore suite 19/19
c69b765616cf960b094858c97434817fd42c86b9	01-ops-scripts	ops-scripts	javascript	0	1	49e7f19cafe44854d868b45d357da23be475a35c	scripts/restore-replit-config.test.mjs	1	591	codex/unit01_restore_config_review	reviewed_fixed	PT-REPLIT-CONFIG-RESTORE-001,PT-REPLIT-CONFIG-RESTORE-002,PT-REPLIT-CONFIG-RESTORE-003	Absent from base 0b9fbc9; strict validation exact-byte identity no-follow stage Nix-first rollback and diagnostics regressions passed 19/19 using temporary repositories only
24dc9e08ef6f6d7966ff273ae5376429738a6759	01-ops-scripts	ops-scripts	javascript	0	1	d25bfdafd16dc71174b248da3d2d6d262bd9ae20	scripts/run-validation-command.test.mjs	1	814	codex/unit01_validation_runner_review	reviewed_fixed	PT-VALIDATION-RUNNER-001,PT-VALIDATION-RUNNER-002,PT-VALIDATION-RUNNER-003	Absent from base 0b9fbc9; parser lock identity privacy bounds signal-group descendant cleanup SIGPIPE late-finalization and throwing-finalizer regressions pass within combined suite 31/31
24dc9e08ef6f6d7966ff273ae5376429738a6759	01-ops-scripts	ops-scripts	javascript	0	0	04474e47e76d789da7f5444366ad310a3880d67e	scripts/process-group-child.mjs	1	226	codex/unit01_market_data_runner_review	reviewed_fixed	PT-MARKET-DATA-RUNNER-001,PT-MARKET-DATA-RUNNER-002,PT-MARKET-DATA-RUNNER-003,PT-VALIDATION-RUNNER-002	Absent from base 0b9fbc9; full shared helper reviewed; identity-bound group signal queued escalation late descendant cleanup native signal exit and Linux-only contracts pass within 31/31 focused regressions
24dc9e08ef6f6d7966ff273ae5376429738a6759	01-ops-scripts	ops-scripts	javascript	0	1	cefe0876428a07ede6130d2c7b294181d35c104a	scripts/run-market-data-worker.test.mjs	1	382	codex/unit01_market_data_runner_review	reviewed_fixed	PT-MARKET-DATA-RUNNER-001,PT-MARKET-DATA-RUNNER-002,PT-MARKET-DATA-RUNNER-003	Absent from base 0b9fbc9; import command selection spawn failure PID identity platform gate signal exit nonzero exit and detached descendant cleanup regressions pass within combined suite 31/31
d192be479a48600b11caff43f87215b0f0751765	01-ops-scripts	ops-scripts	javascript	0	1	22f49ada93d81174e1b3526fdd21ac32c4a3e948	scripts/check-retired-alert-tier-references.test.mjs	1	27	codex/unit01_ops_review	reviewed_fixed	PT-ALERT-TIER-GUARD-001	Absent from base 0b9fbc9; Git source-root exact-self and nested-report exclusion regression passed 1/1
02a27a05d8ef7b8b0799095bdc7e5ddd616cf91f	01-ops-scripts	ops-scripts	javascript	0	0	508583fd4b111481ed252c79d3210434109da651	scripts/diag/cpu-profile-utils.mjs	1	102	codex/unit01_ops_review	reviewed_fixed	PT-CPU-PROFILE-001,PT-CPU-PROFILE-002	Absent from base 0b9fbc9; full current helper reviewed; weighted-duration argument and inspector-identity regressions passed 5/5
02a27a05d8ef7b8b0799095bdc7e5ddd616cf91f	01-ops-scripts	ops-scripts	javascript	0	1	88848fb95cbcd0ac28a89bf50015364efa813147	scripts/diag/cpu-profile-utils.test.mjs	1	102	codex/unit01_ops_review	reviewed_fixed	PT-CPU-PROFILE-001,PT-CPU-PROFILE-002	Absent from base 0b9fbc9; weighted-duration report-parser unsafe-argument and inspector-target regressions passed 5/5
bb040a993e8a7360fd8f6e7c6c3057de4eb97072	01-ops-scripts	ops-scripts	javascript	0	0	3655345f6ac82d5e98c96eefe010adc7e8b5592f	scripts/diag/market-open-acceptance-utils.mjs	1	431	codex/unit01_market_open_review	reviewed_fixed	PT-MARKET-OPEN-001,PT-MARKET-OPEN-002,PT-MARKET-OPEN-003,PT-MARKET-OPEN-004,PT-MARKET-OPEN-005	Absent from base 0b9fbc9; full helper reviewed and focused market acceptance regressions passed 16/16
bb040a993e8a7360fd8f6e7c6c3057de4eb97072	01-ops-scripts	ops-scripts	javascript	0	1	a75ccaf6e557cf5d78299f2dfb5e3958992f0953	scripts/diag/market-open-acceptance-utils.test.mjs	1	361	codex/unit01_market_open_review	reviewed_fixed	PT-MARKET-OPEN-001,PT-MARKET-OPEN-002,PT-MARKET-OPEN-003,PT-MARKET-OPEN-004,PT-MARKET-OPEN-005,PT-MARKET-OPEN-006	Absent from base 0b9fbc9; fail-closed process schema window timeout cleanup credential sampler counter and raw-SQL regressions passed 16/16
13d9f94dfdfa51aed6552fb8bdb46ff0e6b87c77	01-ops-scripts	ops-scripts	javascript	0	1	38f3ecfd8360978fe83ebf6e81ac0a9208e44d94	scripts/inspect-replit-flight-recorder.test.mjs	1	44	codex/unit01_flight_inspector_review	reviewed_fixed	PT-FLIGHT-INSPECT-001,PT-FLIGHT-INSPECT-002,PT-FLIGHT-INSPECT-003	Absent from base 0b9fbc9; bounded JSONL tail terminal/bidirectional display and controlled-handoff attribution regressions passed 3/3
3601aa307ed1f7abf7bac024d8c428180ed88504	01-ops-scripts	ops-scripts	javascript	0	1	c199b7a7bf936c21148474256a1aa9aaf86e9f12	scripts/headless-shot.test.mjs	1	196	codex/unit01_headless_shot_review	reviewed_fixed	PT-HEADLESS-SHOT-001,PT-HEADLESS-SHOT-002,PT-HEADLESS-SHOT-003,PT-HEADLESS-SHOT-004	Absent from base 0b9fbc9; strict CLI output reservation HTTP readiness structured failure URL redaction terminal safety Unicode and bounded-listener regressions passed 7/7 without Chromium
67b758da71ddea0750b817ef0ae0545387ff09f5	01-ops-scripts	ops-scripts	javascript	0	1	ff93281429417d181ea7e3ef3946a898f8792a0b	scripts/protect-replit-config.test.mjs	1	133	codex/unit01_replit_config_lock_review	reviewed_fixed	PT-REPLIT-CONFIG-LOCK-001,PT-REPLIT-CONFIG-LOCK-002	Absent from base 0b9fbc9; strict CLI all-target regular-file symlink rollback and advisory-scope regressions passed 5/5 against temporary files
7ab375b84adb4782c5a9b608fcd1e03845fb6f9a	01-ops-scripts	ops-scripts	javascript	0	1	b117fa28262db9fe7ca14bd4806c2c738485d4aa	scripts/package-manifest.test.mjs	1	92	codex/unit01_scripts_manifest_review	reviewed_fixed	PT-SCRIPTS-MANIFEST-001,PT-DB-STORAGE-001,PT-DB-STORAGE-002,PT-DB-STORAGE-003,PT-DB-STORAGE-004,PT-IBKR-FLOW-BENCH-001,PT-SIGNAL-SCORING-LEGACY-001,PT-SIGNAL-SCORING-LEGACY-002,PT-SYNC-NASDAQ-LISTED-LEGACY-001	Absent from base 0b9fbc9; target-presence plus retired storage flow benchmark legacy calibration and Nasdaq-only sync source-and-alias contracts pass 5/5 while maintained signal-calibration listed-universe and IBKR-hydration aliases remain exact and active caller censuses are empty
b9ece932a37dd4f02c383baeea95cda509f7bbb3	01-ops-scripts	ops-scripts	javascript	0	1	c1002f647fd05c5bda9321e8914a8f92cb8f88c9	scripts/reap-dev-port.test.mjs	1	278	codex/unit01_reap_dev_port_review	reviewed_fixed	PT-REAP-DEV-PORT-001,PT-REAP-DEV-PORT-002,PT-REAP-DEV-PORT-003,PT-REAP-DEV-PORT-004,PT-REAP-DEV-PORT-005	Absent from base 0b9fbc9; port validation proc availability same/foreign scope attribution disappearing ownership PID/socket stability bounded escalation and terminal regressions passed within focused suite 16/16
b9ece932a37dd4f02c383baeea95cda509f7bbb3	01-ops-scripts	ops-scripts	javascript	0	0	604e23f032dc32559369016f5129c37bcb67b15b	scripts/replit-process-authority.mjs	1	186	codex/unit01_reap_dev_port_review	reviewed_fixed	PT-REAP-DEV-PORT-001,PT-REAP-DEV-PORT-002	Absent from base 0b9fbc9; full shared authority helper reviewed; exact artifact workflow and platform-rooted pid2 ancestry plus stable process signal contracts passed
b9ece932a37dd4f02c383baeea95cda509f7bbb3	01-ops-scripts	ops-scripts	javascript	0	1	1674b21b3aa5b821682c270bc0365a254f9a9759	scripts/replit-process-authority.test.mjs	1	169	codex/unit01_reap_dev_port_review	reviewed_fixed	PT-REAP-DEV-PORT-001,PT-REAP-DEV-PORT-002	Absent from base 0b9fbc9; pooled pid2 artifact-runner ordinary-shell forged-argv loop missing-proc and stable-signal regressions passed within focused suite 16/16
4032a78c3e7ef1af27be8cb6b17302f72ec37dfe	01-ops-scripts	ops-scripts	javascript	0	1	c57785e7300f918d2157d7ca9d2a559da4aed304	scripts/run-python-compute.test.mjs	1	154	codex/unit01_python_compute_runner_review	reviewed_fixed	PT-PYTHON-COMPUTE-001,PT-PYTHON-COMPUTE-002,PT-PYTHON-COMPUTE-004	Absent from base 0b9fbc9; locked and environment-file launch boundaries strict command parsing and a real wrapper-to-child SIGTERM lifecycle regression pass 3/3
72f134128396c34a3a20d7bbea08f9139c136e77	01-ops-scripts	ops-scripts	typescript	0	1	f3427db49cf4951351515543d11e965e65bef666	scripts/src/account-data-recovery.test.ts	1	415	codex/unit01_account_recovery_review	reviewed_fixed	PT-ACCOUNT-RECOVERY-001,PT-ACCOUNT-RECOVERY-002,PT-ACCOUNT-RECOVERY-003,PT-ACCOUNT-RECOVERY-004,PT-ACCOUNT-RECOVERY-005,PT-ACCOUNT-RECOVERY-006,PT-ACCOUNT-RECOVERY-007,PT-ACCOUNT-RECOVERY-008	Absent from base 0b9fbc9; FLEX broker balance physical-database CLI transaction schema and reference-integrity regressions pass 12/12
f991b63053dd0cc8a34eff15b21b424ac62951be	01-ops-scripts	ops-scripts	typescript	0	1	b633af50e2cf5d8e8731418b155b26081736b71b	scripts/signal-calibration/calibration-fit.test.ts	1	312	codex/unit01_calibration_review	reviewed_fixed	PT-CALIBRATION-003,PT-CALIBRATION-004,PT-CALIBRATION-005,PT-CALIBRATION-006,PT-CALIBRATION-007,PT-CALIBRATION-008	Absent from base 0b9fbc9; scorer CLI schema provenance row run-set missing-input report-label atomic-publication and tied-isotonic regressions pass within focused suite 17/17
f991b63053dd0cc8a34eff15b21b424ac62951be	01-ops-scripts	ops-scripts	typescript	0	1	3a46176e2ab7e08e7b6b1a868a69d7df8e92ef21	scripts/signal-calibration/observation-dump.test.ts	1	240	codex/unit01_calibration_review	reviewed_fixed	PT-CALIBRATION-001,PT-CALIBRATION-002,PT-CALIBRATION-006	Absent from base 0b9fbc9; prior-artifact environment coverage fallback provenance horizon private-mode and CLI regressions pass within focused suite 17/17
6c7ea95fd9d261a38bb722a052a7b9e16d02e85b	01-ops-scripts	ops-scripts	typescript	0	1	acbf85113a94e5c2549c29c082501631c1c34688	scripts/src/apply-signal-options-tuned-profile.test.ts	1	444	codex/unit01_tuned_profile_review	reviewed_fixed	PT-TUNED-PROFILE-001,PT-TUNED-PROFILE-002,PT-TUNED-PROFILE-003,PT-TUNED-PROFILE-004,PT-TUNED-PROFILE-005	Absent from base 0b9fbc9; atomic success forced-audit-failure rollback shadow/provider identity reviewed-state heartbeat strict CLI scope and audit-evidence regressions pass 10/10
22eadcf1c6422367e2c9ade80bf42006d4c42afd	01-ops-scripts	ops-scripts	typescript	0	1	2c3668ba191cf1e68ac5bdba6e4dc4eda3d3924e	scripts/src/backfill-signal-monitor-events.test.ts	1	563	codex/unit01_signal_monitor_event_backfill_review	reviewed_fixed	PT-SIGNAL-EVENT-BACKFILL-001,PT-SIGNAL-EVENT-BACKFILL-002,PT-SIGNAL-EVENT-BACKFILL-003,PT-SIGNAL-EVENT-BACKFILL-004,PT-SIGNAL-EVENT-BACKFILL-005,PT-SIGNAL-EVENT-BACKFILL-006,PT-SIGNAL-EVENT-BACKFILL-007	Absent from base 0b9fbc9; strict scope read-only discovery canonical eligibility trust evidence transient/permanent failure disposition atomic idempotency profile-change and forced late-batch rollback regressions pass 14/14
abb8b2bf3aaa944f50b12037d32149ece12f8321	01-ops-scripts	ops-scripts	typescript	0	1	73ecbfe94dc28b1650b9cbb02e632349f7d8122b	scripts/src/db-phase0-audit.test.ts	1	229	codex/unit01_db_phase0_audit_review	reviewed_fixed	PT-DB-PHASE0-AUDIT-001,PT-DB-PHASE0-AUDIT-002,PT-DB-PHASE0-AUDIT-003,PT-DB-PHASE0-AUDIT-004,PT-DB-PHASE0-AUDIT-005	Absent from base 0b9fbc9; strict CLI schema lifecycle range-planning indexed SQL PGlite catalog timeout safe-skip and terminal-boundary regressions pass 6/6
687d362beb600d3037d6eba8603983d46ef631e9	05-db-schema-migrations	db	typescript	0	1	025169515c3444c9b9c50fcc3a312a2a68c8f41c	lib/db/src/retention.snapshot-contract.test.ts	1	119	codex/unit05_db_retention_contract_review	reviewed_fixed	PT-SNAPSHOT-RETENTION-003,PT-SNAPSHOT-RETENTION-004,PT-SNAPSHOT-RETENTION-005	Absent from base 0b9fbc9; canonical integer config compact watchlist simulation preservation and caught execution-delete error regressions pass 3/3 in PGlite
687d362beb600d3037d6eba8603983d46ef631e9	01-ops-scripts	ops-scripts	typescript	0	1	aae9f92a259b6bd7d2d463c5da938bb0b009fc43	scripts/src/db-snapshot-retention.test.ts	1	166	codex/unit01_db_snapshot_retention_review	reviewed_fixed	PT-SNAPSHOT-RETENTION-001,PT-SNAPSHOT-RETENTION-003,PT-SNAPSHOT-RETENTION-005,PT-SNAPSHOT-RETENTION-006	Absent from base 0b9fbc9; loopback-only import strict CLI shared-owner delegation fail-closed completion and terminal-safe diagnostic regressions pass 5/5
3c06f87e4ec683ed0fcc9871f22c2d8ae76f0233	01-ops-scripts	ops-scripts	typescript	0	1	e5965e13d63e3eb84c5a579a471b842161d616e7	scripts/src/gex-historical-greeks.test.ts	1	174	codex/unit01_gex_historical_greeks_review	reviewed_fixed	PT-GEX-HISTORICAL-GREEKS-001,PT-GEX-HISTORICAL-GREEKS-002	Absent from base 0b9fbc9; real-schema PGlite malformed-strike complete-Greek and positive-IV fallback regressions pass 4/4
6946e4c9935b911418672feb1ffe7bf24cc0c83b	01-ops-scripts	ops-scripts	typescript	0	1	1a9a0b0881beaff9fe407998e95802e80d66f9ca	scripts/src/hydrate-universe-catalog-ibkr.test.ts	1	285	codex/unit01_universe_priority_adversarial_review	reviewed_fixed	PT-IBKR-CATALOG-HYDRATE-001,PT-IBKR-CATALOG-HYDRATE-002,PT-IBKR-CATALOG-HYDRATE-003,PT-IBKR-CATALOG-HYDRATE-004,PT-IBKR-CATALOG-HYDRATE-005,PT-UNIVERSE-PRIORITY-001	Absent from base 0b9fbc9; prior hydration safety plus canonical grammar and 65536-symbol one-array-bind regressions pass within combined helper and hydrator suite 12/12
5e75949acccddd874959cdfaf08691ab2e9857e9	01-ops-scripts	ops-scripts	typescript	0	1	d9fb26dda8fb6d49ed2ce8399967ece3ffed9b4d	scripts/src/ibkr-connection-soak.test.ts	1	292	codex/unit01_ibkr_connection_soak_review	reviewed_fixed	PT-IBKR-CONNECTION-SOAK-001,PT-IBKR-CONNECTION-SOAK-002,PT-IBKR-CONNECTION-SOAK-003,PT-IBKR-CONNECTION-SOAK-004	Absent from base 0b9fbc9; strict CLI import terminal bounded JSON and SSE cancellation stall reconnect media-type and authenticated-stream contract regressions pass 11/11
67480f8a700e49780dc33b42b449dde85f608dcf	01-ops-scripts	ops-scripts	typescript	0	1	565491147c0b6642957d562ac7c7651f694f02ba	scripts/src/market-data-schema-audit.test.ts	1	340	codex/unit01_market_data_schema_audit_review	reviewed_fixed	PT-MARKET-DATA-SCHEMA-AUDIT-001,PT-MARKET-DATA-SCHEMA-AUDIT-002,PT-MARKET-DATA-SCHEMA-AUDIT-003,PT-MARKET-DATA-SCHEMA-AUDIT-004,PT-MARKET-DATA-SCHEMA-AUDIT-005	Absent from base 0b9fbc9; schema scope migration executable-DDL exact index catalog pressure import CLI and terminal-safe diagnostic regressions pass 10/10
6ad69891f63dd445ac7cb3c97eca2552ae03753d	01-ops-scripts	ops-scripts	typescript	0	1	ef87b4ecd96f288052249a369a220c089b8c92b3	scripts/src/pyrus-performance-monitor.test.ts	1	428	codex/unit01_pyrus_performance_monitor_review	reviewed_fixed	PT-PYRUS-PERFORMANCE-MONITOR-001,PT-PYRUS-PERFORMANCE-MONITOR-002,PT-PYRUS-PERFORMANCE-MONITOR-003,PT-PYRUS-PERFORMANCE-MONITOR-004,PT-PYRUS-PERFORMANCE-MONITOR-005	Absent from base 0b9fbc9; verdict events route authority compact observer cadence strict CLI bounded response accounting cancellation terminal and Markdown-integrity regressions pass 18/18
a4950fe579c56500cbd5da8b3a2a9d79739c8f63	01-ops-scripts	ops-scripts	typescript	0	1	234e2626eaf3cd9f5ccb7e2f6b310a0f6d0234aa	scripts/src/pyrus-portfolio-optimization.test.ts	1	681	codex/unit01_pyrus_portfolio_optimization_review	reviewed_fixed	PT-PYRUS-PORTFOLIO-OPTIMIZATION-001,PT-PYRUS-PORTFOLIO-OPTIMIZATION-002,PT-PYRUS-PORTFOLIO-OPTIMIZATION-003,PT-PYRUS-PORTFOLIO-OPTIMIZATION-004,PT-PYRUS-PORTFOLIO-OPTIMIZATION-005,PT-PYRUS-PORTFOLIO-OPTIMIZATION-006	Absent from base 0b9fbc9; strict CLI service identity schema result integrity bounded JSON exact deadline cancellation host normalization and terminal-safe output regressions pass 19/19
a82f82a98c8ff2cc9656316edbd7bbd6daf9a68c	01-ops-scripts	ops-scripts	typescript	0	1	602f1139118e00c49af1362fd4d2b16132c4d7e2	scripts/src/shadow-options-post-exit-enrich.test.ts	1	484	codex/unit01_shadow_options_post_exit_enrich_review	reviewed_fixed	PT-SHADOW-POST-EXIT-ENRICH-001,PT-SHADOW-POST-EXIT-ENRICH-002,PT-SHADOW-POST-EXIT-ENRICH-003,PT-SHADOW-POST-EXIT-ENRICH-004,PT-SHADOW-POST-EXIT-ENRICH-005	Absent from base 0b9fbc9; import strict CLI terminal payload mirror transaction concurrency rollback incomplete-bar positive-price and bounded-query regressions pass 11/11 with no provider call
9374f4c4a8025036088881928cbc253fb837c2eb	01-ops-scripts	ops-scripts	typescript	0	1	33835e8eaced9004f5760bc44c551059aaf14094	scripts/src/signal-monitor-breadth-parity.test.ts	1	228	codex/unit01_signal_monitor_breadth_parity_review	reviewed_fixed	PT-SIGNAL-MONITOR-BREADTH-PARITY-001,PT-SIGNAL-MONITOR-BREADTH-PARITY-002,PT-SIGNAL-MONITOR-BREADTH-PARITY-003	Absent from base 0b9fbc9; import help strict pre-database scope bounded terminal and parse-equivalent JSON output complete human report and null-evidence regressions pass 5/5
c57f24bced852ba63d84e402759f43bf996e5469	01-ops-scripts	ops-scripts	typescript	0	1	77d5aee48e067f1bfe9f30a9de6b9d4c537e1e4f	scripts/src/signal-monitor-current-cell-parity.test.ts	1	441	codex/unit01_signal_monitor_current_cell_parity_review	reviewed_fixed	PT-SIGNAL-MONITOR-CURRENT-CELL-PARITY-001,PT-SIGNAL-MONITOR-CURRENT-CELL-PARITY-002,PT-SIGNAL-MONITOR-CURRENT-CELL-PARITY-003,PT-SIGNAL-MONITOR-CURRENT-CELL-PARITY-004,PT-SIGNAL-MONITOR-CURRENT-CELL-PARITY-005	Absent from base 0b9fbc9; import help strict pre-database scope exact producer universe empty-scope fail-closed explicit bypass producer ceiling bounded aggregation degraded evidence terminal and parse-equivalent JSON regressions pass 8/8
09e026e03cc60599cc5d59e36da3fedce4fdb2fa	01-ops-scripts	ops-scripts	typescript	0	1	60d1b25c33b83afbeae6703da4a5f3d5c877c8be	scripts/src/signal-options-exit-policy-sweep.test.ts	1	622	codex/unit01_signal_options_exit_policy_sweep_review	reviewed_fixed	PT-SIGNAL-OPTIONS-EXIT-SWEEP-001,PT-SIGNAL-OPTIONS-EXIT-SWEEP-002,PT-SIGNAL-OPTIONS-EXIT-SWEEP-003,PT-SIGNAL-OPTIONS-EXIT-SWEEP-004	Absent from base 0b9fbc9; import strict pre-database configuration selection runtime policy financial evidence shadow deployment output report publication completion replay-label shared-lock and cleanup regressions pass 11/11
de610818707cd51e700fbf1c466fe229b5acd70e	01-ops-scripts	ops-scripts	typescript	0	1	ddb5cf7e6a9270552a63ede1f49cbd61d040cf02	scripts/src/signal-options-greek-position-diagnostics.test.ts	1	669	codex/unit01_signal_options_greek_position_diagnostics_review	reviewed_fixed	PT-SIGNAL-OPTIONS-GREEK-POSITION-DIAGNOSTICS-001,PT-SIGNAL-OPTIONS-GREEK-POSITION-DIAGNOSTICS-002,PT-SIGNAL-OPTIONS-GREEK-POSITION-DIAGNOSTICS-003,PT-SIGNAL-OPTIONS-GREEK-POSITION-DIAGNOSTICS-004	Absent from base 0b9fbc9; import help strict pre-database CLI and environment scope deployment validation active-position source evidence replay output atomic no-overwrite report and cleanup regressions pass 11/11
1c7545a4e0427401b54b7a934cb92f1ce83b43a3	01-ops-scripts	ops-scripts	typescript	0	1	c969bb959c897fa620cdc86c77e2076c3a1391b9	scripts/src/signal-options-greek-selector-smoke.test.ts	1	694	codex/unit01_signal_options_greek_selector_smoke_review	reviewed_fixed	PT-SIGNAL-OPTIONS-GREEK-SELECTOR-SMOKE-001,PT-SIGNAL-OPTIONS-GREEK-SELECTOR-SMOKE-002,PT-SIGNAL-OPTIONS-GREEK-SELECTOR-SMOKE-003	Absent from base 0b9fbc9; import help strict pre-database scope bar-evaluation veto deployment universe visible-GEX provenance and reranking Markdown terminal atomic no-overwrite publication exact service input shared-lock and cleanup regressions pass 11/11
9d9ae585a9d99d9efef64e54d5b184d64161b4f9	01-ops-scripts	ops-scripts	typescript	0	1	3b44133ad320fd972304f377f4ffa97668a50e71	scripts/src/sync-listed-universe.test.ts	1	659	codex/unit01_sync_listed_universe_review	reviewed_fixed	PT-SYNC-LISTED-UNIVERSE-001,PT-SYNC-LISTED-UNIVERSE-002,PT-SYNC-LISTED-UNIVERSE-003,PT-SYNC-LISTED-UNIVERSE-004	Absent from base 0b9fbc9; strict preview execute CLI URL raw-integrity filtered-membership evidence limited-run lock transaction stale-deactivation reactivation import help terminal and cleanup regressions pass 9/9 against injected boundaries and PGlite
6946e4c9935b911418672feb1ffe7bf24cc0c83b	01-ops-scripts	ops-scripts	typescript	0	1	e6d361c6f941b41065b315bdb589c838f935247b	scripts/src/universe-priority.test.ts	1	46	codex/unit01_universe_priority_adversarial_review	reviewed_fixed	PT-UNIVERSE-PRIORITY-001	Absent from base 0b9fbc9; canonical share-class strict empty malformed Unicode punctuation-first overlength and stable-deduplication regressions pass 4/4
d8c742c8f0b2002e2503d07355ac2abb9023c8d9	01-ops-scripts	ops-scripts	javascript	0	1	e55be3c36fe76dfbef349b628383d7e098616657	scripts/start-local-postgres.test.mjs	1	287	codex/unit01_start_local_postgres_review	reviewed_fixed	PT-START-LOCAL-PG-001,PT-START-LOCAL-PG-002,PT-START-LOCAL-PG-003	Absent from base 0b9fbc9; inherited-port bounded-SQL live ambiguous malformed mismatched self-consistent-dead artifact ownership pinned startup and failed-existence-query regressions pass 8/8
6ff41cf2f3e50021dfb390036ad4ca472d8d30b0	01-ops-scripts	ops-scripts	typescript	0	1	6b31a0958ecf0e08e18173b006de1829d7783f11	scripts/src/sync-universe-catalog.test.ts	1	420	codex/unit01_sync_universe_catalog_review	reviewed_fixed	PT-SYNC-UNIVERSE-CATALOG-001,PT-SYNC-UNIVERSE-CATALOG-002,PT-SYNC-UNIVERSE-CATALOG-003,PT-SYNC-UNIVERSE-CATALOG-004	Absent from base 0b9fbc9; import strict preview execute CLI provider timeout complete-page cursor lock checkpoint cleanup terminal credential and primary-error regressions pass 8/8 against injected boundaries
0af18de6524756fa12cb67c69260ad4b845e2cd4	01-ops-scripts	ops-scripts	typescript	0	1	02ba2e43910bf04b9be441a387a2a315858351e3	scripts/src/verify-flow-universe-optionability.test.ts	1	209	codex/unit01_optionability_review	reviewed_fixed	PT-VERIFY-OPTIONABILITY-001,PT-VERIFY-OPTIONABILITY-002,PT-VERIFY-OPTIONABILITY-003,PT-VERIFY-OPTIONABILITY-004,PT-VERIFY-OPTIONABILITY-005	Absent from base 0b9fbc9; strict preview execute import provider deadline per-row failure terminal cleanup and injected boundary regressions pass 8/8 with database environment unset
5bb714bc53525b220609017aecafa45c5597fce2	01-ops-scripts	ops-scripts	typescript	0	1	d00ff3968cc500e25b6bb6b09e3f7309c933bbdf	scripts/src/signal-options-gex-match-rate-analysis.test.ts	1	252	codex/unit01_gex_match_rate_review	reviewed_fixed	PT-GEX-MATCH-RATE-001,PT-GEX-MATCH-RATE-002,PT-GEX-MATCH-RATE-003,PT-GEX-MATCH-RATE-004,PT-GEX-MATCH-RATE-005	Absent from base 0b9fbc9; strict import UTC window persisted numeric usable-Greek local-spacing cap terminal and cleanup regressions pass 7/7 with database environment unset
435ff7c3c778dfc98884a67d46d14ae00de0a968	02-api-spec-codegen	api-spec	javascript	0	1	ff7bc8a3a6e516b24c26c1a1737ca5865bf2e3db	lib/api-spec/run-codegen.test.mjs	1	585	codex/unit02_codegen_diff_review; codex/unit02_bars_freshness_review	reviewed_fixed	PT-API-CODEGEN-002,PT-API-CODEGEN-003,PT-API-CODEGEN-004,PT-API-GENERATED-SSE-001,PT-API-GENERATED-UNCONSUMED-001	Absent from base 0b9fbc9; codegen publication regressions plus exact dynamic exclusion censuses prove 12 streaming plus 9 zero-consumer plus 161 retained React operations while preserving Zod; API-spec 13/13, canonical generation, React typecheck, drift audit, and independent exact-hash reviews pass
0d23d5920af652879fdefda1b906ec7880d7bde1	01-ops-scripts	ops-scripts	typescript	0	1	a256b570d1eca24ab2e8ca492f822dc89ff961bd	scripts/src/pyrus-signals-options-sweep.test.ts	1	810	codex/unit01_pyrus_sweep_diff_review	reviewed_fixed	PT-PYRUS-SWEEP-001,PT-PYRUS-SWEEP-002,PT-PYRUS-SWEEP-003,PT-PYRUS-SWEEP-004,PT-PYRUS-SWEEP-005	Absent from base 0b9fbc9; DB-env-unset historical input config replay proof eligibility report publication terminal output and lifecycle regressions pass 22/22 with independent mutation review
3f14b51a46f68624c1ba902642633dc8e7502679	01-ops-scripts	ops-scripts	javascript	0	0	3b926d218aa211ac51e94fc31c9684e538f8dd4a	scripts/lib/codex-rollout.mjs	1	205	codex/unit01_restart_diff_review	reviewed_fixed	PT-RESTART-DIAGNOSTIC-002,PT-RESTART-DIAGNOSTIC-004	Absent from base 0b9fbc9; full helper and final caller reviewed; literal unknown comment string and bounded rollout parsing passed within focused 21/21 plus independent generated assertions
3f14b51a46f68624c1ba902642633dc8e7502679	01-ops-scripts	ops-scripts	javascript	0	0	de4df179607b3eeeea3fa843fcf0c2feebccd045	scripts/lib/redact-persisted-text.mjs	1	173	codex/unit01_restart_diff_review	reviewed_fixed	PT-RESTART-DIAGNOSTIC-003	Absent from base 0b9fbc9; full shared redaction boundary reviewed; persistence 29/29 and independent 130-shape credential control escape and diagnostic-code matrix passed
3f14b51a46f68624c1ba902642633dc8e7502679	01-ops-scripts	ops-scripts	javascript	0	1	ae799eb4a4bbe4f006e7a2e438c13238a9ee5cda	scripts/lib/redact-persisted-text.test.mjs	1	285	codex/unit01_restart_diff_review	reviewed_fixed	PT-RESTART-DIAGNOSTIC-003	Absent from base 0b9fbc9; adversarial controls quoted escaped multiply escaped multiline unterminated private-key signed-request and provider-token regressions pass 9/9
1b8af7aad639c49419d82a38fa31348ed180d763	01-ops-scripts	ops-scripts	javascript	0	1	36c73cd3ca96b4781b5ed2d2e380300d1caebe13	scripts/diagnose-agent-restarts.test.mjs	1	535	codex/unit01_restart_diff_review	reviewed_fixed	PT-RESTART-DIAGNOSTIC-001,PT-RESTART-DIAGNOSTIC-002,PT-RESTART-DIAGNOSTIC-003,PT-RESTART-DIAGNOSTIC-004,PT-RESTART-DIAGNOSTIC-005	Absent from base 0b9fbc9; CLI time range stat race bounded tail SQLite activity attribution ordering redaction import and direct-boundary regressions pass within focused 21/21
db9ada9b734c5ef22f17b880a456a31d67ccb835	04-api-zod-generated	api-zod	javascript	0	1	d4d8435c924f159a02c9f1b89baaa8935e2031a0	lib/api-zod/src/backtest-sweep-validation.test.mjs	1	45	codex/unit02_walkforward_diff_review	reviewed_fixed	PT-API-BACKTEST-SWEEP-001	Absent from base 0b9fbc9; generated request validation rejects zero negative and fractional month values while preserving positive and nullable inputs; focused suite passes 3/3
5562e01cd9f639f950047f43f162a92fa218d92b	04-api-zod-generated	api-zod	typescript	1	0	f034ba4853fc9343f4f04770d33a10c5a9679922	lib/api-zod/src/generated/types/schwabEquityOrderSubmitResponseReconciliationReason.ts	1	14	codex/unit02_schwab_reconciliation_review	reviewed_fixed	PT-API-SCHWAB-RECONCILIATION-001	Absent from base 0b9fbc9; canonical generated closed reconciliation-reason type and constant match the OpenAPI enum and independent review approved
5562e01cd9f639f950047f43f162a92fa218d92b	04-api-zod-generated	api-zod	javascript	0	1	5cb5d496f012830e90d634020ca0b69c9159c68d	lib/api-zod/src/schwab-equity-reconciliation.test.mjs	1	57	codex/unit02_schwab_reconciliation_review	reviewed_fixed	PT-API-SCHWAB-RECONCILIATION-001	Absent from base 0b9fbc9; response parsing preserves paired reconciliation metadata accepts ordinary success and rejects false or unknown reconciliation states within API-Zod 5/5
4db312ce5e90ff01422161374fbd2c3d897c3821	05-db-schema-migrations	db	typescript	0	1	770946c2d44a2707513a30aea8f3dd9604861074	lib/db/src/schema/audit.test.ts	1	39	codex/unit05_db_migrations_audit; codex/unit03_api_05001_10000	reviewed_fixed	PT-DB-AUDIT-SCHEMA-PARITY-001	Absent from base 0b9fbc9; generated-DDL regression rejects array and oversized-object payloads by exact production constraint names and accepts a valid object within focused PGlite 1/1
966d965fbe852f3d11d0d1c27e889dfcf610923f	05-db-schema-migrations	db	sql	0	0	65b7aa3228928da867d5e2ae198e972ca8352364	lib/db/migrations/20260709_shadow_order_idempotency_account_scope.sql	1	16	codex/unit05_db_migrations_audit; codex/unit05_db_migrations_audit/tail_migrations_trace	reviewed_clean		Absent from base 0b9fbc9; all 16 introduction lines reviewed against scoped writer lookups and schema indexes; the replacement indexes precede global-index drops and the migration itself remains aligned
c43a17dddd7d728b713af2013db8292838ba0d9b	05-db-schema-migrations	db	sql	0	0	7700c7f3dcbb13059b1d23a29fdcf33ca5d64d2a	lib/db/migrations/20260710_bar_cache_natural_key.sql	1	44	codex/unit05_db_migrations_audit; codex/unit05_db_migrations_audit/tail_migrations_trace	reviewed_awaiting_semantic	PT-DB-BAR-NATURAL-KEY-REPLAY-001	Absent from base 0b9fbc9; all 44 introduction lines and the successful rollout evidence reviewed; invalid concurrent-index recovery and current dirty writer/test end-state remain explicit owner and environment holds
989754a970c87fe2c0c3bd0468f29c20530ecf0e	05-db-schema-migrations	db	sql	0	0	e0194d7fd01d58a9d5e8e25e0c356f60ff45f31e	lib/db/migrations/20260709_backtest_ledger_separation.sql	109	125	codex/unit05_db_migrations_audit; codex/unit05_db_migrations_audit/tail_migrations_trace	reviewed_awaiting_semantic	PT-DB-BACKTEST-LEDGER-PHASE-001,PT-DB-BACKTEST-MIGRATION-MUTATION-001	Post-baseline 17-line committed mutation traced separately from the 108-line baseline; it enables null-study dedicated writers but cannot update an environment that applied the first migration form, and the reader/compaction phases remain absent
